{"cameraMode":{"drawMode":0,"name":"Shaded","section":"Shading Mode"},"sceneLighting":true,"audioPlay":false,"sceneViewState":{"showFog":true,"showMaterialUpdate":false,"showSkybox":true,"showFlares":true,"showImageEffects":true,"showParticleSystems":true},"in2DMode":false,"pivot":{"x":-274.79998779296877,"y":6.999633312225342,"z":50.0},"rotation":{"x":0.26848104596138,"y":-0.0014520830009132624,"z":0.00037604323006235063,"w":0.9633075594902039},"size":71.05628204345703,"orthographic":false}